"","OP_10","OP_11","OP_13","OP_14","OP_8"
"OP_10",1,0.462095543881996,-0.00150001845284935,-0.0419785363798928,0.0833040289652178
"OP_11",0.462095543881996,1,-0.0480729187106508,-0.0103142211705791,0.077522193165332
"OP_13",-0.00150001845284935,-0.0480729187106508,1,0.0288966968848292,-0.0422364169729093
"OP_14",-0.0419785363798928,-0.0103142211705791,0.0288966968848292,1,0.104438111936791
"OP_8",0.0833040289652178,0.077522193165332,-0.0422364169729093,0.104438111936791,1
